Error message,Error Package,File
invalid shell,cmd/internal/commands:invalid_shell,complete.go
could not initialize Application Server,cmd/internal/shared:initialize_application_server,errors.go
could not initialize base component,cmd/internal/shared:initialize_base_component,errors.go
could not initialize Console,cmd/internal/shared:initialize_console,errors.go
could not initialize Device Repository,cmd/internal/shared:initialize_device_repository,errors.go
could not initialize Device Template Converter,cmd/internal/shared:initialize_device_template_converter,errors.go
could not initialize Gateway Configuration Server,cmd/internal/shared:initialize_gateway_configuration_server,errors.go
could not initialize Gateway Server,cmd/internal/shared:initialize_gateway_server,errors.go
could not initialize Identity Server,cmd/internal/shared:initialize_identity_server,errors.go
could not initialize Join Server,cmd/internal/shared:initialize_join_server,errors.go
could not initialize Network Server,cmd/internal/shared:initialize_network_server,errors.go
could not initialize Packet Broker Agent,cmd/internal/shared:initialize_packet_broker_agent,errors.go
could not initialize QR Code Generator,cmd/internal/shared:initialize_qr_code_generator,errors.go
invalid activation mode,cmd/ttn-lw-cli/commands:activation_mode,end_devices.go
index of antenna to update out of bounds,cmd/ttn-lw-cli/commands:antenna_index,gateways.go
Application Server is disabled,cmd/ttn-lw-cli/commands:application_server_disabled,simulate.go
conflicting set and unset field mask paths,cmd/ttn-lw-cli/commands:conflicting_paths,end_devices.go
contact info already exists,cmd/ttn-lw-cli/commands:contact_info_exists,contact_info.go
matching contact info not found,cmd/ttn-lw-cli/commands:contact_info_not_found,contact_info.go
Data rate index is invalid,cmd/ttn-lw-cli/commands:data_rate_index,end_devices.go
end device EUIs can not be updated,cmd/ttn-lw-cli/commands:end_device_eui_update,end_devices.go
end device ABP or OTAA keys cannot be set when there is a provisioner,cmd/ttn-lw-cli/commands:end_device_keys_provisioner,end_devices.go
Network/Application/Join Server address mismatch,cmd/ttn-lw-cli/commands:end_device_server_address_mismatch,end_devices.go
failed to write `{file}`,cmd/ttn-lw-cli/commands:fail_write,use.go
`{file}` exists,cmd/ttn-lw-cli/commands:file_exists,use.go
gateway server address mismatch,cmd/ttn-lw-cli/commands:gateway_server_address_mismatch,gateways.go
given end device EUIs do not match registered EUIs,cmd/ttn-lw-cli/commands:inconsistent_end_device_eui,end_devices.go
Join Server is disabled,cmd/ttn-lw-cli/commands:join_server_disabled,end_devices.go
LoRaWAN MAC version is invalid,cmd/ttn-lw-cli/commands:mac_version,end_devices.go
end device mapping not found,cmd/ttn-lw-cli/commands:mapped_end_device_not_found,end_device_templates.go
Network Server is disabled,cmd/ttn-lw-cli/commands:network_server_disabled,end_devices.go
no API key ID set,cmd/ttn-lw-cli/commands:no_api_key_id,flags.go
no API key rights set,cmd/ttn-lw-cli/commands:no_api_key_rights,flags.go
no application ID set,cmd/ttn-lw-cli/commands:no_application_id,applications.go
no client ID set,cmd/ttn-lw-cli/commands:no_client_id,clients.go
no collaborator set,cmd/ttn-lw-cli/commands:no_collaborator,flags.go
no collaborator rights set,cmd/ttn-lw-cli/commands:no_collaborator_rights,flags.go
action not confirmed,cmd/ttn-lw-cli/commands:no_confirmation,applications.go
no data for `{name}`,cmd/ttn-lw-cli/commands:no_data,flags.go
no email set,cmd/ttn-lw-cli/commands:no_email,users_invitations.go
no end device EUIs set,cmd/ttn-lw-cli/commands:no_end_device_eui,end_devices.go
no end device ID set,cmd/ttn-lw-cli/commands:no_end_device_id,end_devices.go
no end device template JoinEUI set,cmd/ttn-lw-cli/commands:no_end_device_template_join_eui,end_device_templates.go
no end device template start DevEUI set,cmd/ttn-lw-cli/commands:no_end_device_template_start_dev_eui,end_device_templates.go
no FPort set,cmd/ttn-lw-cli/commands:no_f_port,applications_packages.go
no gateway ID set,cmd/ttn-lw-cli/commands:no_gateway_id,gateways.go
no host set,cmd/ttn-lw-cli/commands:no_host,use.go
no IDs set,cmd/ttn-lw-cli/commands:no_ids,flags.go
no organization ID set,cmd/ttn-lw-cli/commands:no_organization_id,organizations.go
no pub/sub ID set,cmd/ttn-lw-cli/commands:no_pub_sub_id,applications_pubsub.go
no QR code target specified,cmd/ttn-lw-cli/commands:no_qr_code_target,end_devices.go
no template format ID set,cmd/ttn-lw-cli/commands:no_template_format_id,end_device_templates.go
no token ID set,cmd/ttn-lw-cli/commands:no_token_id,users_oauth.go
no user ID set,cmd/ttn-lw-cli/commands:no_user_id,users.go
no validation reference set,cmd/ttn-lw-cli/commands:no_validation_reference,contact_info.go
no validation token set,cmd/ttn-lw-cli/commands:no_validation_token,contact_info.go
no webhook ID set,cmd/ttn-lw-cli/commands:no_webhook_id,applications_webhooks.go
password did not match,cmd/ttn-lw-cli/commands:password_mismatch,users.go
LoRaWAN PHY version is invalid,cmd/ttn-lw-cli/commands:phy_version,end_devices.go
invalid QR code format,cmd/ttn-lw-cli/commands:qr_code_format,end_devices.go
not authenticated with either API key or OAuth access token,cmd/ttn-lw-cli/commands:unauthenticated,root.go
unknown host `{host}` for current credentials,cmd/ttn-lw-cli/commands:unknown_host,root.go
invalid flag value,cmd/ttn-lw-cli/internal/util:flag_value,flags.go
missing CLI flag `{flag}`,cmd/ttn-lw-stack/commands:missing_flag,root.go
password did not match,cmd/ttn-lw-stack/commands:password_mismatch,is_db_create_admin_user.go
unknown component `{component}`,cmd/ttn-lw-stack/commands:unknown_component,start.go
could not get auth cookie,pkg/account/session:auth_cookie,session.go
incorrect password or user ID,pkg/account/session:no_user_id_password_match,session.go
session expired,pkg/account/session:session_expired,session.go
incorrect password or user ID,pkg/account:no_user_id_password_match,user.go
not authenticated,pkg/account:not_authenticated,middleware.go
channel closed,pkg/applicationserver/distribution/redis:channel_closed,redis.go
empty set,pkg/applicationserver/distribution:empty_set,subscription_set.go
subscriptions without identifiers are not supported,pkg/applicationserver/distribution:missing_identifiers,pubsub_distributor.go
set not found,pkg/applicationserver/distribution:set_not_found,subscription_map.go
failed to connect application `{application_uid}`,pkg/applicationserver/io/grpc:connect,grpc.go
no MQTT configuration provider available,pkg/applicationserver/io/grpc:no_configuration_provider,grpc.go
not authorized,pkg/applicationserver/io/mqtt:not_authorized,mqtt.go
invalid stream record,pkg/applicationserver/io/packages/loradms/v1/api/objects:invalid_stream_record,objects.go
LoRaCloud DMS request failed,pkg/applicationserver/io/packages/loradms/v1/api:request,messages.go
device EUI `{dev_eui}` not found,pkg/applicationserver/io/packages/loradms/v1:device_eui_missing,package.go
field `{field}` not found,pkg/applicationserver/io/packages/loradms/v1:field_not_found,data.go
field `{field}` has the wrong type `{type}`,pkg/applicationserver/io/packages/loradms/v1:invalid_field_type,data.go
no association available,pkg/applicationserver/io/packages/loradms/v1:no_association,package.go
TLV record payload is too small,pkg/applicationserver/io/packages/loradms/v1:tlv_record_too_small,tlv_encoding.go
uplink request failed,pkg/applicationserver/io/packages/loradms/v1:uplink_request_failed,package.go
invalid fieldmask,pkg/applicationserver/io/packages/redis:invalid_fieldmask,registry.go
invalid identifiers,pkg/applicationserver/io/packages/redis:invalid_identifiers,registry.go
read-only field `{field}`,pkg/applicationserver/io/packages/redis:read_only_field,registry.go
package `{name}` is not implemented,pkg/applicationserver/io/packages:package_not_implemented,registration.go
CA PEM data is invalid,pkg/applicationserver/io/pubsub/provider/mqtt:ca_pem_data,tls.go
configure HTTP headers,pkg/applicationserver/io/pubsub/provider/mqtt:configure_http_headers,provider.go
connection to MQTT server failed,pkg/applicationserver/io/pubsub/provider/mqtt:connect_failed,provider.go
client is nil,pkg/applicationserver/io/pubsub/provider/mqtt:nil_client,driver.go
publish to MQTT topic failed,pkg/applicationserver/io/pubsub/provider/mqtt:publish_failed,driver.go
subscribe to MQTT topic failed,pkg/applicationserver/io/pubsub/provider/mqtt:subscribe_failed,driver.go
unsubscribe from MQTT topic failed,pkg/applicationserver/io/pubsub/provider/mqtt:unsubscribe_failed,driver.go
provider `{provider_id}` already registered,pkg/applicationserver/io/pubsub/provider:provider_already_registered,provider.go
provider `{provider_id}` is not implemented,pkg/applicationserver/io/pubsub/provider:provider_not_implemented,provider.go
shutdown,pkg/applicationserver/io/pubsub/provider:shutdown,connection.go
invalid application UID `{application_uid}`,pkg/applicationserver/io/pubsub/redis:application_uid,registry.go
invalid fieldmask,pkg/applicationserver/io/pubsub/redis:invalid_fieldmask,registry.go
invalid identifiers,pkg/applicationserver/io/pubsub/redis:invalid_identifiers,registry.go
read-only field `{field}`,pkg/applicationserver/io/pubsub/redis:read_only_field,registry.go
format `{format}` not found,pkg/applicationserver/io/pubsub:format_not_found,format.go
integration `{pub_sub_id}` failed,pkg/applicationserver/io/pubsub:integration_failed,observability.go
invalid provider status `{status}`,pkg/applicationserver/io/pubsub:invalid_provider_status,providers.go
invalid provider type `{type}`,pkg/applicationserver/io/pubsub:invalid_provider_type,providers.go
provider `{provider}` is disabled,pkg/applicationserver/io/pubsub:provider_disabled,providers.go
provider `{provider}` is unknown,pkg/applicationserver/io/pubsub:unknown_provider,providers.go
invalid fieldmask,pkg/applicationserver/io/web/redis:invalid_fieldmask,registry.go
invalid identifiers,pkg/applicationserver/io/web/redis:invalid_identifiers,registry.go
read-only field `{field}`,pkg/applicationserver/io/web/redis:read_only_field,registry.go
decode body,pkg/applicationserver/io/web:decode_body,webhooks.go
fetching failed,pkg/applicationserver/io/web:fetch,templates.go
format `{format}` not found,pkg/applicationserver/io/web:format_not_found,format.go
could not parse file,pkg/applicationserver/io/web:parse_file,templates.go
the queue is full,pkg/applicationserver/io/web:queue_full,webhooks.go
read body,pkg/applicationserver/io/web:read_body,webhooks.go
request failed with status `{code}`,pkg/applicationserver/io/web:request,webhooks.go
template `{template_id}` not found,pkg/applicationserver/io/web:template_not_found,templates.go
webhook not found,pkg/applicationserver/io/web:webhook_not_found,webhooks.go
buffer is full,pkg/applicationserver/io:buffer_full,io.go
invalid application UID `{application_uid}`,pkg/applicationserver/redis:application_uid,registry.go
duplicate identifiers,pkg/applicationserver/redis:duplicate_identifiers,registry.go
invalid fieldmask,pkg/applicationserver/redis:invalid_fieldmask,registry.go
invalid identifiers,pkg/applicationserver/redis:invalid_identifiers,registry.go
read-only field `{field}`,pkg/applicationserver/redis:read_only_field,registry.go
failed to get AppSKey,pkg/applicationserver:app_s_key,applicationserver.go
device `{device_uid}` not found,pkg/applicationserver:device_not_found,applicationserver.go
identifiers already exists,pkg/applicationserver:duplicate_identifiers,registry.go
invalid field mask,pkg/applicationserver:field_mask,grpc_deviceregistry.go
invalid value of field `{field}`,pkg/applicationserver:field_value,registry.go
formatter `{formatter}` is not configured,pkg/applicationserver:formatter_not_configured,payload.go
Invalid TTL `{ttl}`,pkg/applicationserver:invalid_ttl,config.go
Join Server unavailable for JoinEUI `{join_eui}`,pkg/applicationserver:join_server_unavailable,applicationserver.go
linking is not implemented,pkg/applicationserver:linking_not_implemented,grpc.go
failed to start frontend listener `{protocol}` on address `{address}`,pkg/applicationserver:listen_frontend,applicationserver.go
no AppSKey,pkg/applicationserver:no_app_s_key,applicationserver.go
no device session; check device activation,pkg/applicationserver:no_device_session,applicationserver.go
no payload,pkg/applicationserver:no_payload,payload.go
payload crypto is disabled,pkg/applicationserver:payload_crypto_disabled,applicationserver.go
unknown session,pkg/applicationserver:unknown_session,applicationserver.go
invalid webhooks registry,pkg/applicationserver:webhooks_registry,config.go
invalid webhooks target `{target}`,pkg/applicationserver:webhooks_target,config.go
cluster auth type `{auth_type}` is not supported,pkg/auth/cluster:auth_type,cluster.go
invalid cluster key,pkg/auth/cluster:cluster_key,cluster.go
no cluster key auth specified,pkg/auth/cluster:no_cluster_key,cluster.go
password hash has invalid PBKDF2 format,pkg/auth/pbkdf2:invalid_pbkdf2_format,pbkdf2.go
could not determine number of iterations from `{iterations}`,pkg/auth/pbkdf2:pbkdf2_iterations,pbkdf2.go
could not determine key length,pkg/auth/pbkdf2:pbkdf2_key_length,pbkdf2.go
algorithm `{alg}` unknown,pkg/auth/pbkdf2:unknown_algorithm,algorithm.go
password salt can not have zero length,pkg/auth/pbkdf2:zero_length_salt,pbkdf2.go
insufficient rights for application `{uid}`,pkg/auth/rights:insufficient_application_rights,require.go
insufficient rights for client `{uid}`,pkg/auth/rights:insufficient_client_rights,require.go
insufficient rights for gateway `{uid}`,pkg/auth/rights:insufficient_gateway_rights,require.go
insufficient rights for organization `{uid}`,pkg/auth/rights:insufficient_organization_rights,require.go
insufficient rights for user `{uid}`,pkg/auth/rights:insufficient_user_rights,require.go
no rights for application `{uid}`,pkg/auth/rights:no_application_rights,require.go
no rights for client `{uid}`,pkg/auth/rights:no_client_rights,require.go
no fetcher found in context,pkg/auth/rights:no_fetcher,fetcher.go
no rights for gateway `{uid}`,pkg/auth/rights:no_gateway_rights,require.go
no connection to Identity Server,pkg/auth/rights:no_identity_server_conn,fetcher.go
no rights for organization `{uid}`,pkg/auth/rights:no_organization_rights,require.go
no rights for user `{uid}`,pkg/auth/rights:no_user_rights,require.go
invalid hash,pkg/auth:invalid_hash,password.go
invalid token,pkg/auth:token,auth.go
unknown hashing method `{method}`,pkg/auth:unknown_hashing_method,password.go
band `{id}` not found,pkg/band:band_not_found,errors.go
ChMaskCntl `{chmaskcntl}` unsupported,pkg/band:chmaskcntl_unsupported,errors.go
data rate index must be lower or equal to {max},pkg/band:data_rate_index_too_high,errors.go
data rate offset must be lower or equal to {max},pkg/band:data_rate_offset_too_high,errors.go
invalid number of channels defined,pkg/band:invalid_channel_count,errors.go
LoRaWAN Regional Parameters version not supported; supported versions: {supported},pkg/band:lorawan_version_unsupported,errors.go
unknown LoRaWAN PHY version `{version}`,pkg/band:unknown_phy_version,errors.go
length of `{field}` (`{length}`) exceeds maximum `{maximum}`,pkg/basicstation/cups:field_length,messages.go
Invalid CUPS URI `{uri}`,pkg/basicstation/cups:invalid_cups_uri,update_info.go
invalid provisioning token,pkg/basicstation/cups:invalid_token,update_info.go
LNS credentials not found for gateway `{gateway_uid}`,pkg/basicstation/cups:lns_credentials_not_found,update_info.go
no trusted certificate found,pkg/basicstation/cups:no_trust,server.go
failed to fetch server trust for address `{address}`,pkg/basicstation/cups:server_trust,update_info.go
Target CUPS credentials not found for gateway `{gateway_uid}`,pkg/basicstation/cups:target_cups_credentials_not_found,update_info.go
call was not authenticated,pkg/basicstation/cups:unauthenticated,update_info.go
the private key type `{type}` is not supported,pkg/basicstation/cups:unsupported_private_key,messages.go
invalid format,pkg/basicstation:format,eui.go
invalid blob store configuration,pkg/blob:invalid_config,bucket.go
invalid cluster key,pkg/cluster:cluster_key,cluster.go
"invalid key length %d, must be 16, 24 or 32 bytes",pkg/cluster:key_length,cluster.go
connection to peer `{name}` on `{address}` failed,pkg/cluster:peer_connection,cluster.go
peer target address is empty,pkg/cluster:peer_empty_target,cluster.go
{cluster_role} cluster peer unavailable,pkg/cluster:peer_unavailable,cluster.go
could not listen on `{endpoint}` address,pkg/component:listen_endpoint,listeners.go
could not create `{protocol}` listener,pkg/component:listener,listeners.go
task recovered,pkg/component:task_recovered,tasks.go
ACME already initialized,pkg/config/tlsconfig:acme_already_initialized,config.go
missing ACME storage directory,pkg/config/tlsconfig:missing_acme_dir,config.go
missing ACME endpoint,pkg/config/tlsconfig:missing_acme_endpoint,config.go
invalid TLS configuration source `{source}`,pkg/config/tlsconfig:tls_config_source_invalid,config.go
invalid TLS key vault ID,pkg/config/tlsconfig:tls_key_vault_id,config.go
empty TLS source,pkg/config/tlsconfig:tls_source_empty,config.go
invalid format `{input}`,pkg/config:format,hooks.go
missing blob store configuration,pkg/config:missing_blob_config,shared.go
unknown blob store provider `{provider}`,pkg/config:unknown_blob_provider,shared.go
no AppKey specified,pkg/crypto/cryptoservices:no_app_key,mem.go
no DevEUI specified,pkg/crypto/cryptoservices:no_dev_eui,mem.go
no JoinEUI specified,pkg/crypto/cryptoservices:no_join_eui,mem.go
no NwkKey specified,pkg/crypto/cryptoservices:no_nwk_key,mem.go
certificate with ID `{id}` not found,pkg/crypto/cryptoutil:certificate_not_found,cryptoutil.go
invalid slice length,pkg/crypto/cryptoutil:invalid_length,cryptoutil.go
KEK with label `{label}` not found,pkg/crypto/cryptoutil:kek_not_found,cryptoutil.go
key with ID `{id}` not found,pkg/crypto/cryptoutil:key_not_found,cryptoutil.go
corrupt key data,pkg/crypto:corrupt_key,keywrap.go
"invalid join-accept message size of {size} bytes, expected 16 or 32 bytes",pkg/crypto:join_accept_message_size,errors.go
"invalid JoinAccept payload size of {size} bytes, expected 13 or 29 bytes",pkg/crypto:join_accept_payload_size,errors.go
"invalid join-request payload size of {size} bytes, expected 19 bytes",pkg/crypto:join_request_payload_size,errors.go
"invalid key length size of {size} bytes, expected 16, 24 or 32 bytes",pkg/crypto:key_length_size,errors.go
malformed cipher text,pkg/crypto:malformed_cipher_text,encryption.go
"ping period must be a power of 2 between 32 and 4096, got '{value}'",pkg/crypto:ping_period,ping_slot.go
"invalid rejoin-request type 0 or 2 size of {size} bytes, expected 15 bytes",pkg/crypto:rejoin_request_0_2_size,errors.go
"invalid rejoin-request type 1 size of {size} bytes, expected 20 bytes",pkg/crypto:rejoin_request_1_size,errors.go
"invalid rejoin-request size of {size} bytes, expected 15 or 20 bytes",pkg/crypto:rejoin_request_size,errors.go
cannot open index,pkg/devicerepository/store/bleve:cannot_open_index,bleve.go
corrupted index file,pkg/devicerepository/store/bleve:corrupted_index,store.go
band `{band_id}` not found,pkg/devicerepository/store/remote:band_not_found,remote.go
brand `{brand_id}` not found,pkg/devicerepository/store/remote:brand_not_found,remote.go
firmware version `{firmware_version}` for model `{brand_id}/{model_id}` not found,pkg/devicerepository/store/remote:firmware_version_not_found,remote.go
model `{brand_id}/{model_id}` not found,pkg/devicerepository/store/remote:model_not_found,remote.go
no codec defined for firmware version `{firmware_version}` and band `{band_id}`,pkg/devicerepository/store/remote:no_codec,remote.go
device does not have a profile for band `{band_id}`,pkg/devicerepository/store/remote:no_profile_for_band,remote.go
unknown Regional Parameters version `{phy_version}`,pkg/devicerepository/store/remote:regional_parameters_version,schema.go
not found,pkg/devicerepository/store:not_found,noop.go
brand `{brand_id}` not found,pkg/devicerepository:brand_not_found,grpc.go
model `{brand_id}/{model_id}` not found,pkg/devicerepository:model_not_found,grpc.go
unknown source `{source}`,pkg/devicerepository:unknown_source,config.go
converter `{id}` not found,pkg/devicetemplateconverter:converter,devicetemplateconverter.go
invalid Microchip certificate Subject Alternate Name,pkg/devicetemplates:microchip_certificate_san,microchip.go
invalid Microchip data,pkg/devicetemplates:microchip_data,microchip.go
no Microchip certificate found,pkg/devicetemplates:microchip_no_certificate,microchip.go
unknown Microchip public key ID `{id}`,pkg/devicetemplates:microchip_public_key,microchip.go
unknown Microchip DevEUI,pkg/devicetemplates:microchip_unknown_dev_eui,microchip.go
email was not sent,pkg/email/sendgrid:email_not_sent,sendgrid.go
could not decode `{lorawan_field}`,pkg/encoding/lorawan:decode,errors.go
could not decode MAC command with CID `{cid}`,pkg/encoding/lorawan:decoding_mac_command,mac.go
could not encode `{lorawan_field}`,pkg/encoding/lorawan:encode,errors.go
`{lorawan_field}` encoded length `{value}` should between `{min}` and `{max}`,pkg/encoding/lorawan:encoded_field_length_bound,errors.go
`{lorawan_field}` encoded length `{value}` should be `{expected}`,pkg/encoding/lorawan:encoded_field_length_equal,errors.go
`{lorawan_field}` encoded length `{value}` should be equal to `{expected_1}` or `{expected_2}`,pkg/encoding/lorawan:encoded_field_length_multiple_choices,errors.go
could not encode MAC command with CID `{cid}`,pkg/encoding/lorawan:encoding_mac_command,mac.go
encrypted JoinAcceptPayload should have length of 16 or 32,pkg/encoding/lorawan:encrypted_joinacceptpayload_length,messages.go
`{lorawan_field}` should be between `{min}` and `{max}`,pkg/encoding/lorawan:field_bound,errors.go
`{lorawan_field}` length `{value}` should be equal to `{expected}`,pkg/encoding/lorawan:field_length_equal,errors.go
`{lorawan_field}` length `{value}` should be lower or equal to `{max}`,pkg/encoding/lorawan:field_length_with_max,errors.go
`{lorawan_field}` length `{value}` should be higher or equal to `{min}`,pkg/encoding/lorawan:field_length_with_min,errors.go
`{lorawan_field}` length `{value}` should be equal to `{expected_1}` or `{expected_2}`,pkg/encoding/lorawan:field_length_with_multiple_choices,errors.go
`{lorawan_field}` value `{value}` should be lower or equal to `{max}`,pkg/encoding/lorawan:field_with_max,errors.go
invalid downlink MAC command CID `{cid}`,pkg/encoding/lorawan:mac_command_downlink,mac.go
invalid uplink MAC command CID `{cid}`,pkg/encoding/lorawan:mac_command_uplink,mac.go
expected CFList frequency to be less or equal to 0xFFFFFF,pkg/encoding/lorawan:max_cflist_frequency,messages.go
no unmarshaler available for MAC command with CID `{cid}`,pkg/encoding/lorawan:no_unmarshaler,mac.go
unknown `{lorawan_field}`,pkg/encoding/lorawan:unknown_field,errors.go
unknown MAC command CID `{cid}`,pkg/encoding/lorawan:unknown_mac_command,mac.go
context canceled,pkg/errors:context_canceled,conversion.go
context deadline exceeded,pkg/errors:context_deadline_exceeded,conversion.go
{message},pkg/errors:net_addr,conversion.go
{message},pkg/errors:net_dns,conversion.go
{message},pkg/errors:net_invalid_addr,conversion.go
{message},pkg/errors:net_operation,conversion.go
{message},pkg/errors:net_unknown_network,conversion.go
Odd number of key-value elements,pkg/errors:odd_kv,attributes.go
request to `{url}` failed,pkg/errors:request,conversion.go
invalid `{field}`: {reason},pkg/errors:validation,validation.go
unknown certificate authority,pkg/errors:x509_unknown_authority,conversion.go
no identifiers,pkg/events/grpc:no_identifiers,grpc.go
channel closed,pkg/events/redis:channel_closed,redis.go
could not fetch file `{filename}`,pkg/fetch:fetch_file,errors.go
file `{filename}` not found,pkg/fetch:file_not_found,errors.go
filename not specified,pkg/fetch:filename_not_specified,errors.go
could not read file `{filename}`,pkg/fetch:read_file,errors.go
URI scheme not specified,pkg/fetch:scheme_not_specified,errors.go
URI scheme should not be specified,pkg/fetch:scheme_specified,errors.go
volume should not be specified,pkg/fetch:volume_specified,errors.go
invalid frequency plan channel `{index}`,pkg/frequencyplans:channel,frequencyplans.go
Data rate index is invalid,pkg/frequencyplans:data_rate_index,frequencyplans.go
fetching failed,pkg/frequencyplans:fetch,frequencyplans.go
invalid frequency plan,pkg/frequencyplans:invalid,frequencyplans.go
no dwell time duration specified,pkg/frequencyplans:no_dwell_time_duration,frequencyplans.go
frequency plans not configured,pkg/frequencyplans:not_configured,frequencyplans.go
frequency plan `{id}` not found,pkg/frequencyplans:not_found,frequencyplans.go
could not parse file,pkg/frequencyplans:parse_file,frequencyplans.go
could not read frequency plan `{id}`,pkg/frequencyplans:read,frequencyplans.go
could not read the base `{base_id}` of frequency plan `{id}`,pkg/frequencyplans:read_base,frequencyplans.go
could not read the list of frequency plans,pkg/frequencyplans:read_list,frequencyplans.go
unauthenticated,pkg/gatewayconfigurationserver/v2:unauthenticated,http_gateway.go
failed to connect gateway `{gateway_uid}`,pkg/gatewayserver/io/grpc:connect,grpc.go
no MQTT configuration provider available,pkg/gatewayserver/io/grpc:no_configuration_provider,grpc.go
unknown data rate `{data_rate}`,pkg/gatewayserver/io/mqtt:data_rate,format_protobufv2.go
unknown frequency plan `{frequency_plan}`,pkg/gatewayserver/io/mqtt:frequency_plan,format_protobufv2.go
missing LoRaWAN metadata,pkg/gatewayserver/io/mqtt:lorawan_metadata,format_protobufv2.go
invalid LoRaWAN payload,pkg/gatewayserver/io/mqtt:lorawan_payload,format_protobufv2.go
unknown modulation `{modulation}`,pkg/gatewayserver/io/mqtt:modulation,format_protobufv2.go
internal server error,pkg/gatewayserver/io/mqtt:mqtt_frontend_recovered,mqtt.go
not authorized,pkg/gatewayserver/io/mqtt:not_authorized,mqtt.go
not scheduled,pkg/gatewayserver/io/mqtt:not_scheduled,format_protobufv2.go
not supported,pkg/gatewayserver/io/mqtt:not_supported,format.go
gateway is already connected,pkg/gatewayserver/io/udp:already_connected,firewall.go
connection expired,pkg/gatewayserver/io/udp:connection_expired,udp.go
connection is not ready,pkg/gatewayserver/io/udp:connection_not_ready,udp.go
failed to claim downlink,pkg/gatewayserver/io/udp:downlink_claim,udp.go
downlink path expired,pkg/gatewayserver/io/udp:downlink_path_expired,udp.go
packet has no gateway address,pkg/gatewayserver/io/udp:no_address,firewall.go
packet has no gateway EUI,pkg/gatewayserver/io/udp:no_eui,firewall.go
gateway traffic exceeded allowed rate,pkg/gatewayserver/io/udp:rate_exceeded,firewall_ratelimit.go
internal server error,pkg/gatewayserver/io/udp:udp_frontend_recovered,udp.go
empty gateway EUI,pkg/gatewayserver/io/ws/lbslns:empty_gateway_eui,discover.go
invalid join-request message received,pkg/gatewayserver/io/ws/lbslns:join_request_message,upstream.go
no clock sync,pkg/gatewayserver/io/ws/lbslns:no_clock_sync,downstream.go
not supported,pkg/gatewayserver/io/ws/lbslns:not_supported,messages.go
session state not found,pkg/gatewayserver/io/ws/lbslns:session_state_not_found,format.go
invalid uplink data frame received,pkg/gatewayserver/io/ws/lbslns:uplink_data_Frame,upstream.go
invalid uplink message received,pkg/gatewayserver/io/ws/lbslns:uplink_message,upstream.go
data rate not found,pkg/gatewayserver/io/ws/util:data_rate,util.go
data rate index is out of range,pkg/gatewayserver/io/ws/util:data_rate_index,util.go
invalid uid `{uid}`,pkg/gatewayserver/io/ws/util:uid,util.go
invalid gateway ID `{id}`,pkg/gatewayserver/io/ws:invalid_gateway_id,ws.go
no auth provided `{uid}`,pkg/gatewayserver/io/ws:no_auth_provided,ws.go
buffer is full,pkg/gatewayserver/io:buffer_full,io.go
no data rate with index `{index}`,pkg/gatewayserver/io:data_rate,io.go
invalid downlink path,pkg/gatewayserver/io:downlink_path,io.go
frequency plan `{id}` is not configured for this gateway,pkg/gatewayserver/io:frequency_plan_not_configured,io.go
frequency plans must be from the same band,pkg/gatewayserver/io:frequency_plans_not_from_same_band,io.go
inconsistent frequency plans configuration,pkg/gatewayserver/io:inconsistent_frequency_plans,io.go
no absolute time provided for class B downlink,pkg/gatewayserver/io:no_absolute_time,io.go
no frequency plan ID in tx request,pkg/gatewayserver/io:no_frequency_plan_id_in_tx_request,io.go
gateway time is not GPS synchronized,pkg/gatewayserver/io:no_gps_sync,io.go
no Rx delay provided for class A downlink,pkg/gatewayserver/io:no_rx_delay,io.go
no uplink token provided for class A downlink,pkg/gatewayserver/io:no_uplink_token,io.go
downlink not allowed,pkg/gatewayserver/io:not_allowed,io.go
downlink message is not a Tx request,pkg/gatewayserver/io:not_tx_request,io.go
settings empty,pkg/gatewayserver/io:rx_empty,io.go
schedule in Rx window `{window}` failed,pkg/gatewayserver/io:rx_window_schedule,io.go
the payload length `{payload_length}` exceeds maximum `{maximum_length}` at data rate index `{data_rate_index}`,pkg/gatewayserver/io:too_long,io.go
failed to schedule,pkg/gatewayserver/io:tx_schedule,io.go
scheduling conflict,pkg/gatewayserver/scheduling:conflict,scheduler.go
utilization `{used}%` would be higher than the available `{usable}%` for priority `{priority}`,pkg/gatewayserver/scheduling:duty_cycle,sub_band.go
packet exceeds dwell time restriction,pkg/gatewayserver/scheduling:dwell_time,scheduler.go
frequency plans must not have overlapping sub bands,pkg/gatewayserver/scheduling:frequency_plans_overlap_sub_band,scheduler.go
frequency plans must have the same time off air value,pkg/gatewayserver/scheduling:frequency_plans_time_off_air,scheduler.go
no absolute gateway time,pkg/gatewayserver/scheduling:no_absolute_gateway_time,scheduler.go
no clock sync,pkg/gatewayserver/scheduling:no_clock_sync,scheduler.go
no server time,pkg/gatewayserver/scheduling:no_server_time,scheduler.go
sub-band not found for frequency `{frequency}` Hz,pkg/gatewayserver/scheduling:sub_band_not_found,scheduler.go
too late to transmission scheduled time (delta is `{delta}`),pkg/gatewayserver/scheduling:too_late,scheduler.go
Network Server not found,pkg/gatewayserver/upstream/ns:network_server_not_found,ns.go
Packet Broker Agent not found,pkg/gatewayserver/upstream/packetbroker:packet_broker_agent_not_found,packetbroker.go
empty identifiers,pkg/gatewayserver:empty_identifiers,gatewayserver.go
gateway EUI `{eui}` is not registered,pkg/gatewayserver:gateway_eui_not_registered,gatewayserver.go
gateway `{gateway_uid}` is not registered,pkg/gatewayserver:gateway_not_registered,gatewayserver.go
internal server error,pkg/gatewayserver:handler_recovered,gatewayserver.go
host `{host}` failed to handle message,pkg/gatewayserver:host_handle,gatewayserver.go
upstream `{name}` is invalid,pkg/gatewayserver:invalid_upstream_name,gatewayserver.go
failed to start frontend listener `{protocol}` on address `{address}`,pkg/gatewayserver:listen_frontend,gatewayserver.go
new connection from same gateway,pkg/gatewayserver:new_connection,gatewayserver.go
gateway `{gateway_uid}` is not registered and no fallback frequency plan defined,pkg/gatewayserver:no_fallback_frequency_plan,gatewayserver.go
no Network Server found to handle message,pkg/gatewayserver:no_network_server,gatewayserver.go
no route for `{host}`,pkg/gatewayserver:no_route,gatewayserver.go
gateway `{gateway_uid}` not connected,pkg/gatewayserver:not_connected,gatewayserver.go
downlink message is not a Tx request,pkg/gatewayserver:not_tx_request,grpc_nsgs.go
failed to schedule,pkg/gatewayserver:schedule,grpc_nsgs.go
failed to schedule on path `{gateway_uid}`,pkg/gatewayserver:schedule_path,grpc_nsgs.go
uplink token is not generated by this server,pkg/gatewayserver:uplink_token,grpc_nsgs.go
failed to setup upstream `{name}`,pkg/gatewayserver:upstream,gatewayserver.go
upstream `{name}` not implemented,pkg/gatewayserver:upstream_type_not_implemented,gatewayserver.go
the ID `{id}` can not be registered,pkg/identityserver/blacklist:blacklisted_id,blacklist.go
original picture not found,pkg/identityserver/picture:original_not_found,picture.go
access token not found,pkg/identityserver/store:access_token_not_found,store.go
account of type `{account_type}` can not collaborate on `{entity_type}`,pkg/identityserver/store:account_type,membership_store.go
entity already exists,pkg/identityserver/store:already_exists,store.go
API key not linked to an entity,pkg/identityserver/store:api_key_entity,api_key_store.go
API key not found,pkg/identityserver/store:api_key_not_found,store.go
application `{application_id}` not found,pkg/identityserver/store:application_not_found,store.go
authorization code not found,pkg/identityserver/store:authorization_code_not_found,store.go
authorization of `{user_id}` for `{client_id}` not found,pkg/identityserver/store:authorization_not_found,store.go
client `{client_id}` not found,pkg/identityserver/store:client_not_found,store.go
database error,pkg/identityserver/store:database,store.go
database table `{table}` does not exist,pkg/identityserver/store:database_table,registry.go
column `{column}` does not exist in database table `{table}`,pkg/identityserver/store:database_table_column,registry.go
end device `{application_id}:{device_id}` not found,pkg/identityserver/store:end_device_not_found,store.go
EUI already taken,pkg/identityserver/store:eui_taken,store.go
gateway `{gateway_id}` not found,pkg/identityserver/store:gateway_not_found,store.go
ID already taken,pkg/identityserver/store:id_taken,store.go
invitation already accepted,pkg/identityserver/store:invitation_already_accepted,invitation_store.go
invitation already sent,pkg/identityserver/store:invitation_already_sent,invitation_store.go
invitation not found,pkg/identityserver/store:invitation_not_found,invitation_store.go
account `{account_id}` is not a member of `{entity_type}` `{entity_id}`,pkg/identityserver/store:membership_not_found,membership_store.go
migration not found,pkg/identityserver/store:migration_not_found,store.go
can not list devices for multiple application IDs,pkg/identityserver/store:multiple_application_ids,end_device_store.go
organization `{organization_id}` not found,pkg/identityserver/store:organization_not_found,store.go
session `{session_id}` for user `{user_id}` not found,pkg/identityserver/store:session_not_found,store.go
Internal Server Error,pkg/identityserver/store:transaction_recovered,store.go
user `{user_id}` not found,pkg/identityserver/store:user_not_found,store.go
contact info validation already exists,pkg/identityserver/store:validation_already_exists,contact_info_store.go
validation token not found,pkg/identityserver/store:validation_token,contact_info_store.go
validation token expired,pkg/identityserver/store:validation_token_expired,contact_info_store.go
access token ID did not match user or client identifiers,pkg/identityserver:access_token_mismatch,oauth_registry.go
"applications may only be created by admins, or in organizations",pkg/identityserver:admins_create_applications,application_registry.go
"OAuth clients may only be created by admins, or in organizations",pkg/identityserver:admins_create_clients,client_registry.go
"gateways may only be created by admins, or in organizations",pkg/identityserver:admins_create_gateways,gateway_registry.go
organizations may only be created by admins,pkg/identityserver:admins_create_organizations,organization_registry.go
applications may only be purged by admins,pkg/identityserver:admins_purge_applications,application_registry.go
gateways may only be purged by admins,pkg/identityserver:admins_purge_gateways,gateway_registry.go
organizations may only be purged by admins,pkg/identityserver:admins_purge_organizations,organization_registry.go
users may only be purged by admins,pkg/identityserver:admins_purge_users,user_registry.go
API key not found,pkg/identityserver:api_key_not_found,entity_access.go
application still has `{count}` devices,pkg/identityserver:application_has_devices,application_registry.go
invalid claim authentication code,pkg/identityserver:claim_authentication_code,gateway_registry.go
only admins can update the `{field}` field,pkg/identityserver:client_update_admin_field,client_registry.go
the database needs to be migrated,pkg/identityserver:db_needs_migration,identityserver.go
an end device with JoinEUI `{join_eui}` and DevEUI `{dev_eui}` is already registered as `{device_id}` in application `{application_id}`,pkg/identityserver:end_device_euis_taken,end_device_registry.go
end device picture uploads are disabled,pkg/identityserver:end_device_picture_uploads_disabled,picture.go
a gateway with EUI `{gateway_eui}` is already registered as `{gateway_id}`,pkg/identityserver:gateway_eui_taken,gateway_registry.go
a gateway secret encryption key with id `{id}` not found,pkg/identityserver:gateway_secret_encryption_key_not_found,gateway_registry.go
invalid authorization,pkg/identityserver:invalid_authorization,entity_access.go
invitation token expired,pkg/identityserver:invitation_token_expired,user_registry.go
invitation token required,pkg/identityserver:invitation_token_required,user_registry.go
organizations can not be nested,pkg/identityserver:nested_organizations,organization_registry.go
no contact info for this entity type,pkg/identityserver:no_contact_info,contact_info_registry.go
no rights for inviting users,pkg/identityserver:no_invite_rights,invitation_registry.go
no validation needed for this contact info,pkg/identityserver:no_validation_needed,contact_info_registry.go
OAuth client was rejected,pkg/identityserver:oauth_client_rejected,entity_access.go
OAuth client was suspended,pkg/identityserver:oauth_client_suspended,entity_access.go
incorrect old password,pkg/identityserver:old_password,user_registry.go
can not update password with regular user update request,pkg/identityserver:password_in_update,user_registry.go
need at least `{n}` digit(s),pkg/identityserver:password_strength_digits,user_registry.go
need at most `{n}` characters,pkg/identityserver:password_strength_max_length,user_registry.go
need at least `{n}` characters,pkg/identityserver:password_strength_min_length,user_registry.go
need at least `{n}` special character(s),pkg/identityserver:password_strength_special,user_registry.go
need at least `{n}` uppercase letter(s),pkg/identityserver:password_strength_uppercase,user_registry.go
unauthorized request to restricted resource,pkg/identityserver:permission_denied,entity_access.go
profile picture uploads are disabled,pkg/identityserver:profile_picture_uploads_disabled,picture.go
search is forbidden,pkg/identityserver:search_forbidden,registry_search.go
temporary password expired,pkg/identityserver:temporary_password_expired,user_registry.go
previous temporary password still valid,pkg/identityserver:temporary_password_still_valid,user_registry.go
token expired,pkg/identityserver:token_expired,entity_access.go
token not found,pkg/identityserver:token_not_found,entity_access.go
unauthenticated,pkg/identityserver:unauthenticated,entity_access.go
unsupported authorization method,pkg/identityserver:unsupported_authorization,entity_access.go
user registration disabled,pkg/identityserver:user_registration_disabled,user_registry.go
user account was rejected,pkg/identityserver:user_rejected,entity_access.go
user account approval is pending,pkg/identityserver:user_requested,entity_access.go
user account was suspended,pkg/identityserver:user_suspended,entity_access.go
only admins can update the `{field}` field,pkg/identityserver:user_update_admin_field,user_registry.go
validations for this contact info already sent,pkg/identityserver:validations_already_sent,contact_info_registry.go
activation disallowed,pkg/interop:activation,errors.go
deferred,pkg/interop:deferred,errors.go
device roaming disallowed,pkg/interop:device_roaming,errors.go
invalid FPort,pkg/interop:f_port,errors.go
frame replayed,pkg/interop:frame_replayed,errors.go
frame size error,pkg/interop:frame_size,errors.go
failed to generate session key ID,pkg/interop:generate_session_key_id,client.go
invalid length,pkg/interop:invalid_length,errors.go
invalid request type `{type}`,pkg/interop:invalid_request_type,errors.go
join-request failed,pkg/interop:join_req,errors.go
malformed message,pkg/interop:malformed_message,errors.go
MIC failed,pkg/interop:mic,errors.go
no action,pkg/interop:no_action,errors.go
no roaming agreement,pkg/interop:no_roaming_agreement,errors.go
not registered,pkg/interop:not_registered,errors.go
invalid protocol version,pkg/interop:protocol_version,errors.go
roaming activation disallowed,pkg/interop:roaming_activation,errors.go
stale device profile,pkg/interop:stale_device_profile,errors.go
transmit failed,pkg/interop:transmit_failed,errors.go
unexpected result code {code},pkg/interop:unexpected_result,errors.go
configuration is unknown,pkg/interop:unknown_config,client.go
unknown DevAddr,pkg/interop:unknown_dev_addr,errors.go
unknown DevEUI,pkg/interop:unknown_dev_eui,errors.go
unknown MAC version,pkg/interop:unknown_mac_version,errors.go
unknown protocol,pkg/interop:unknown_protocol,client.go
unknown receiver,pkg/interop:unknown_receiver,errors.go
unknown sender,pkg/interop:unknown_sender,errors.go
device already provisioned,pkg/joinserver/redis:already_provisioned,registry.go
duplicate identifiers,pkg/joinserver/redis:duplicate_identifiers,registry.go
invalid fieldmask,pkg/joinserver/redis:invalid_fieldmask,registry.go
invalid identifiers,pkg/joinserver/redis:invalid_identifiers,registry.go
provisioner `{id}` not found,pkg/joinserver/redis:provisioner_not_found,registry.go
read-only field `{field}`,pkg/joinserver/redis:read_only_field,registry.go
failed to get application activation settings,pkg/joinserver:application_activation_settings,joinserver.go
application activation settings not found,pkg/joinserver:application_activation_settings_not_found,grpc_application_activation_settings_registry.go
caller `{name}` is not authorized for the entity,pkg/joinserver:caller_not_authorized,errors.go
MIC check failed,pkg/joinserver:check_mic,errors.go
failed to compute MIC,pkg/joinserver:compute_mic,errors.go
failed to decode payload,pkg/joinserver:decode_payload,errors.go
failed to derive application session key,pkg/joinserver:derive_app_s_key,errors.go
failed to derive network session keys,pkg/joinserver:derive_nwk_s_keys,errors.go
DevNonce is too high,pkg/joinserver:dev_nonce_too_high,errors.go
DevNonce is too small,pkg/joinserver:dev_nonce_too_small,errors.go
device not found,pkg/joinserver:device_not_found,errors.go
a device identified by the identifiers already exists,pkg/joinserver:duplicate_identifiers,errors.go
failed to encode payload,pkg/joinserver:encode_payload,errors.go
failed to encrypt JoinAccept,pkg/joinserver:encrypt_payload,errors.go
GetEndDeviceRequest is invalid,pkg/joinserver:end_device_request,errors.go
invalid field mask,pkg/joinserver:field_mask,grpc_deviceregistry.go
invalid value of field `{field}`,pkg/joinserver:field_value,grpc_deviceregistry.go
failed to generate session key ID,pkg/joinserver:generate_session_key_id,errors.go
invalid identifiers,pkg/joinserver:invalid_identifiers,errors.go
JoinNonce is too high,pkg/joinserver:join_nonce_too_high,errors.go
KEK not found,pkg/joinserver:kek,joinserver.go
lookup NetID,pkg/joinserver:lookup_net_id,errors.go
unsupported LoRaWAN major version: `{major}`,pkg/joinserver:lorawan_major_version,errors.go
unsupported MAC version: `{version}`,pkg/joinserver:mac_version,errors.go
MIC mismatch,pkg/joinserver:mic_mismatch,errors.go
NetID `{net_id}` does not match,pkg/joinserver:net_id_mismatch,errors.go
no AppKey specified,pkg/joinserver:no_app_key,errors.go
no AppSKey specified,pkg/joinserver:no_app_s_key,errors.go
no AS-ID specified,pkg/joinserver:no_application_server_id,errors.go
no DevAddr specified,pkg/joinserver:no_dev_addr,errors.go
no DevEUI specified,pkg/joinserver:no_dev_eui,errors.go
no FNwkSIntKey specified,pkg/joinserver:no_f_nwk_s_int_key,errors.go
no JoinEUI specified,pkg/joinserver:no_join_eui,errors.go
no JoinRequest specified,pkg/joinserver:no_join_request,errors.go
no KEK label specified,pkg/joinserver:no_kek_label,grpc_application_activation_settings_registry.go
no NetID specified,pkg/joinserver:no_net_id,errors.go
no NwkKey specified,pkg/joinserver:no_nwk_key,errors.go
no NwkSEncKey specified,pkg/joinserver:no_nwk_s_enc_key,errors.go
no paths specified,pkg/joinserver:no_paths,grpc_application_activation_settings_registry.go
no message payload specified,pkg/joinserver:no_payload,errors.go
no root keys specified,pkg/joinserver:no_root_keys,errors.go
no SNwkSIntKey specified,pkg/joinserver:no_s_nwk_s_int_key,errors.go
expected length of payload to be equal to 23 got {length},pkg/joinserver:payload_length,errors.go
wrong payload type: {type},pkg/joinserver:payload_type,errors.go
expected `{expected}` but have `{actual}` entries to provision,pkg/joinserver:provision_entry_count,errors.go
failed to decode provisioning data,pkg/joinserver:provisioner_decode,errors.go
provisioner `{id}` not found,pkg/joinserver:provisioner_not_found,errors.go
provisioning failed,pkg/joinserver:provisioning,errors.go
registry operation failed,pkg/joinserver:registry_operation,errors.go
DevNonce has already been used,pkg/joinserver:reuse_dev_nonce,errors.go
unauthenticated,pkg/joinserver:unauthenticated,errors.go
JoinEUI specified is not known,pkg/joinserver:unknown_join_eui,errors.go
failed to unwrap key,pkg/joinserver:unwrap_key,errors.go
failed to wrap key with KEK label `{label}`,pkg/joinserver:wrap_key,errors.go
invalid channel `{channel}`,pkg/messageprocessors/cayennelpp:channel,keys.go
invalid input,pkg/messageprocessors/cayennelpp:input,cayennelpp.go
invalid key name `{name}`,pkg/messageprocessors/cayennelpp:key_name,keys.go
invalid output,pkg/messageprocessors/cayennelpp:output,cayennelpp.go
invalid input,pkg/messageprocessors/javascript:input,javascript.go
invalid output,pkg/messageprocessors/javascript:output,javascript.go
{errors},pkg/messageprocessors/javascript:output_errors,javascript.go
MAC state is corrupted,pkg/networkserver/internal:corrupted_mac_state,errors.go
invalid data rate,pkg/networkserver/internal:data_rate,errors.go
specified version `{ver}` of band `{id}` does not exist,pkg/networkserver/internal:no_band_version,utils.go
invalid payload,pkg/networkserver/internal:payload,errors.go
channel is unknown,pkg/networkserver/internal:unknown_chanel,errors.go
multicast device in class A mode,pkg/networkserver/mac:class_a_multicast,utils.go
no message payload specified,pkg/networkserver/mac:no_payload,errors.go
"MAC response received, but corresponding request not found",pkg/networkserver/mac:request_not_found,errors.go
database is corrupted,pkg/networkserver/redis:database_corruption,redis.go
duplicate identifiers,pkg/networkserver/redis:duplicate_identifiers,registry.go
device is invalid,pkg/networkserver/redis:invalid_device,registry.go
invalid fieldmask,pkg/networkserver/redis:invalid_fieldmask,registry.go
invalid identifiers,pkg/networkserver/redis:invalid_identifiers,registry.go
invalid payload,pkg/networkserver/redis:invalid_payload,application_uplink_queue.go
missing payload,pkg/networkserver/redis:missing_payload,application_uplink_queue.go
no device matches uplink,pkg/networkserver/redis:no_uplink_match,registry.go
read-only field `{field}`,pkg/networkserver/redis:read_only_field,registry.go
received a join-request from ABP device,pkg/networkserver:abp_join_request,errors.go
invalid absolute time set in application downlink,pkg/networkserver:absolute_time,errors.go
application downlink payload length `{length}` exceeds maximum '{max}',pkg/networkserver:application_downlink_too_long,errors.go
invalid channel index,pkg/networkserver:channel_index,errors.go
failed to compute MIC,pkg/networkserver:compute_mic,errors.go
invalid configuration,pkg/networkserver:configuration,errors.go
confirmed downlink queued for multicast device,pkg/networkserver:confirmed_multicast_downlink,errors.go
confirmed downlink is scheduled too soon,pkg/networkserver:confirmed_too_soon,errors.go
MAC state is corrupted,pkg/networkserver:corrupted_mac_state,errors.go
invalid data rate,pkg/networkserver:data_rate,errors.go
data rate with index `{index}` not found,pkg/networkserver:data_rate_index_not_found,errors.go
data rate not found,pkg/networkserver:data_rate_not_found,errors.go
failed to decode payload,pkg/networkserver:decode_payload,errors.go
device already exists,pkg/networkserver:device_exists,registry.go
device not found,pkg/networkserver:device_not_found,errors.go
queued downlink is expired,pkg/networkserver:downlink_expired,errors.go
invalid downlink priority `{value}`,pkg/networkserver:downlink_priority,config.go
Downlink queue capacity exceeded,pkg/networkserver:downlink_queue_capacity_exceeded,grpc_asns.go
uplink is a duplicate,pkg/networkserver:duplicate,errors.go
session in empty,pkg/networkserver:empty_session,errors.go
failed to encode MAC commands,pkg/networkserver:encode_mac,errors.go
failed to encode payload,pkg/networkserver:encode_payload,errors.go
failed to encrypt MAC commands,pkg/networkserver:encrypt_mac,errors.go
FCnt `{f_cnt}` is lower than minimum of `{min_f_cnt}`,pkg/networkserver:f_cnt_too_low,errors.go
invalid field mask,pkg/networkserver:field_mask,errors.go
invalid value of field `{field}`,pkg/networkserver:field_value,errors.go
invalid fixed paths set in application downlink,pkg/networkserver:fixed_paths,errors.go
Join Server not found,pkg/networkserver:join_server_not_found,errors.go
"MAC response received, but corresponding request not found",pkg/networkserver:mac_request_not_found,errors.go
no DevEUI specified,pkg/networkserver:no_dev_eui,errors.go
no downlink to send,pkg/networkserver:no_downlink,downlink.go
no downlink path available,pkg/networkserver:no_downlink_path,errors.go
no JoinEUI specified,pkg/networkserver:no_join_eui,errors.go
no message payload specified,pkg/networkserver:no_payload,errors.go
data is outdated,pkg/networkserver:outdated_data,errors.go
invalid payload,pkg/networkserver:payload,errors.go
length of RawPayload must not be less than 4,pkg/networkserver:raw_payload_too_short,errors.go
rejoin-request handling is not implemented,pkg/networkserver:rejoin_request,grpc_gsns.go
retransmission delay exceeded maximum,pkg/networkserver:retransmission_delay_exceeded,grpc_gsns.go
all downlink scheduling attempts failed,pkg/networkserver:schedule,errors.go
transmission number exceeded maximum,pkg/networkserver:transmission_number_exceeded,grpc_gsns.go
channel is unknown,pkg/networkserver:unknown_chanel,errors.go
FNwkSIntKey is unknown,pkg/networkserver:unknown_f_nwk_s_int_key,errors.go
MAC state is unknown,pkg/networkserver:unknown_mac_state,errors.go
NwkSEncKey is unknown,pkg/networkserver:unknown_nwk_s_enc_key,errors.go
SNwkSIntKey is unknown,pkg/networkserver:unknown_s_nwk_s_int_key,errors.go
unknown session,pkg/networkserver:unknown_session,errors.go
unsupported LoRaWAN version: `{version}`,pkg/networkserver:unsupported_lorawan_version,errors.go
uplink channel not found,pkg/networkserver:uplink_channel_not_found,errors.go
access denied,pkg/oauth:access_denied,server.go
OAuth client does not have {grant} grant,pkg/oauth:client_missing_grant,oauth.go
OAuth client was not approved,pkg/oauth:client_not_approved,oauth.go
OAuth client was rejected,pkg/oauth:client_rejected,oauth.go
OAuth client was suspended,pkg/oauth:client_suspended,oauth.go
internal error {id},pkg/oauth:internal,server.go
invalid or unauthenticated client,pkg/oauth:invalid client,server.go
"invalid, expired or revoked authorization code",pkg/oauth:invalid_grant,server.go
the redirect URI did not match the one(s) defined in the client,pkg/oauth:invalid_logout_redirect_uri,user.go
invalid redirect URI,pkg/oauth:invalid_redirect_uri,server.go
invalid or missing request parameter,pkg/oauth:invalid_request,server.go
invalid scope,pkg/oauth:invalid_scope,server.go
access token ID was not provided,pkg/oauth:missing_param_access_token_id,user.go
the provided token is not an access token`,pkg/oauth:no_access_token,storage.go
the provided token is not a refresh token`,pkg/oauth:no_refresh_token,storage.go
invalid token,pkg/oauth:token,storage.go
refresh token ID `{refresh_token_id}` does not match access token ID `{access_token_id}`,pkg/oauth:token_mismatch,storage.go
client is not authorized to request a token using this method,pkg/oauth:unauthorized_client,server.go
unsupported grant type,pkg/oauth:unsupported_grant_type,server.go
unsupported response type,pkg/oauth:unsupported_response_type,server.go
invalid authentication mode `{mode}`,pkg/packetbrokeragent:authentication_mode,agent.go
decode LoRaWAN payload,pkg/packetbrokeragent:decode_payload,translation.go
invalid uplink token downlink path,pkg/packetbrokeragent:downlink_path,translation.go
Forwarder is disabled,pkg/packetbrokeragent:forwarder_disabled,grpc_gspba.go
Home Network is disabled,pkg/packetbrokeragent:home_network_disabled,grpc_nspba.go
invalid Rx1 delay,pkg/packetbrokeragent:invalid_rx1_delay,translation.go
invalid message identifiers,pkg/packetbrokeragent:message_identifiers,agent.go
invalid NetID `{net_id}`,pkg/packetbrokeragent:net_id,agent.go
no downlink paths,pkg/packetbrokeragent:no_downlink_paths,translation.go
no PHYPayload in message,pkg/packetbrokeragent:no_phy_payload,encryption.go
downlink message is not a transmission request,pkg/packetbrokeragent:no_request,translation.go
invalid token key,pkg/packetbrokeragent:token_key,agent.go
unknown band `{band_id}`,pkg/packetbrokeragent:unknown_band,translation.go
unknown class `{class}`,pkg/packetbrokeragent:unknown_class,translation.go
unknown data rate in region `{region}`,pkg/packetbrokeragent:unknown_data_rate,translation.go
unknown priority `{priority}`,pkg/packetbrokeragent:unknown_priority,translation.go
unsupported LoRaWAN version `{version}`,pkg/packetbrokeragent:unsupported_lorawan_version,translation.go
unsupported LoRaWAN MType `{m_type}`,pkg/packetbrokeragent:unsupported_m_type,translation.go
unwrap gateway uplink token,pkg/packetbrokeragent:unwrap_gateway_uplink_token,translation.go
wrap gateway uplink token,pkg/packetbrokeragent:wrap_gateway_uplink_token,translation.go
wrap uplink tokens,pkg/packetbrokeragent:wrap_uplink_tokens,translation.go
invalid frequency plan `{name}`,pkg/pfconfig/lbslns:frequency_plan,lbslns.go
gateway server address is empty,pkg/pfconfig/shared:empty_gateway_server_address,shared.go
gateway server address is invalid,pkg/pfconfig/shared:invalid_gateway_server_address,shared.go
key `{key}` invalid,pkg/pfconfig/shared:invalid_key,shared.go
invalid entry,pkg/provisioning:entry,provisioning.go
invalid character `{r}`,pkg/qrcode:character,qrcode.go
invalid format,pkg/qrcode:format,qrcode.go
no DevEUI,pkg/qrcode:no_dev_eui,qrcode.go
no JoinEUI,pkg/qrcode:no_join_eui,qrcode.go
format `{id}` not found,pkg/qrcodegenerator:format_not_found,qrcodegenerator.go
failed to decode value,pkg/redis:decode,errors.go
failed to encode value,pkg/redis:encode,errors.go
no arguments,pkg/redis:no_arguments,errors.go
entity not found,pkg/redis:not_found,errors.go
store error,pkg/redis:store,errors.go
transaction failed,pkg/redis:transaction_failed,errors.go
invalid value type for key `{key}`,pkg/redis:value_type,errors.go
fetch OAuth 2.0 token,pkg/rpcclient:fetch_oauth2_token,oauth2_client.go
invalid OAuth 2.0 token,pkg/rpcclient:invalid_oauth2_token,oauth2_client.go
the context is not authenticated,pkg/rpcmetadata:unauthenticated,request.go
invalid address,pkg/rpcmiddleware/discover:address,discover.go
service role `{role}` not discoverable,pkg/rpcmiddleware/discover:role,discover.go
forbidden path(s) in field mask,pkg/rpcmiddleware/validator:field_mask_paths,validator.go
validator not defined,pkg/rpcmiddleware/validator:no_validator,validator.go
path `{path}` is not zero,pkg/rpcmiddleware/validator:non_zero_path,validator.go
Internal Server Error,pkg/rpcserver:rpc_recovered,rpcserver.go
entrypoint `{entrypoint}` not found,pkg/scripting/javascript:entrypoint_not_found,javascript.go
no script output,pkg/scripting/javascript:no_script_output,javascript.go
runtime error,pkg/scripting/javascript:runtime,javascript.go
{message},pkg/scripting/javascript:script,javascript.go
script interrupt,pkg/scripting/javascript:script_interrupt,javascript.go
script timeout,pkg/scripting/javascript:script_timeout,javascript.go
invalid bandwidth `{bandwidth}`,pkg/toa:bandwidth,toa.go
invalid coding rate `{coding_rate}`,pkg/toa:coding_rate,toa.go
invalid frequency `{frequency}`,pkg/toa:frequency,toa.go
invalid spreading factor `{spreading_factor}`,pkg/toa:spreading_factor,toa.go
failed to parse bandwidth,pkg/ttnpb/udp:bandwidth,errors.go
failed to parse EUI,pkg/ttnpb/udp:eui,errors.go
invalid modulation `{modulation}`,pkg/ttnpb/udp:modulation,errors.go
packet is not long enough to contain the EUI,pkg/ttnpb/udp:no_eui,errors.go
downlink message not scheduled,pkg/ttnpb/udp:not_scheduled,errors.go
invalid packet type,pkg/ttnpb/udp:packet_type,packet.go
failed to parse binary payload,pkg/ttnpb/udp:payload,errors.go
failed to parse spreading factor,pkg/ttnpb/udp:spreading_factor,errors.go
failed to parse timestamp,pkg/ttnpb/udp:timestamp,errors.go
`{field}` should be between `{min}` and `{max}`,pkg/ttnpb:field_bound,errors.go
`{field}` should be lower or equal to `{max}`,pkg/ttnpb:field_with_max,errors.go
invalid identifiers,pkg/ttnpb:identifiers,identifiers.go
field `{field}` is missing,pkg/ttnpb:missing_field,fieldmask_utils.go
missing identifiers,pkg/ttnpb:missing_identifiers,errors.go
could not parse `{value}` into `{field}`,pkg/ttnpb:parse,errors.go
could not parse semantic version,pkg/ttnpb:parsing_semantic_version,lorawan.go
field `{field}` is prohibited,pkg/ttnpb:prohibited_field,fieldmask_utils.go
invalid DevAddr prefix,pkg/types:dev_addr_prefix,devaddr.go
invalid EUI prefix,pkg/types:eui_prefix,eui.go
invalid JSON: `{json}`,pkg/types:invalid_json,types.go
invalid slice length,pkg/types:invalid_length,types.go
too many bits set in NetID,pkg/types:net_id_bits,netid.go
NetID overflow,pkg/types:net_id_overflow,netid.go
NetID type must be lower or equal to 7,pkg/types:net_id_type,netid.go
too many bits set in NwkAddr,pkg/types:nwk_addr_bits,devaddr.go
invalid type for src,pkg/types:src_type,types.go
invalid format in value `{value}`,pkg/unique:format,unique.go
invalid unique identifier `{uid}`,pkg/unique:unique_identifier,unique.go
invalid data rate,pkg/util/datarate:data_rate,data_rate.go
`{email}` is not a valid email.,pkg/validate:email,email.go
invalid field `{name}`,pkg/validate:field,validate.go
field is set,pkg/validate:field_set,required.go
"`{fieldmaskpath}` may consist of only lowercase letters, numbers, underscores and dots. It may not start or end with a dot or underscore, or have two or more consecutive dots or underscores. Also, it must be between 2 and 256 characters in length.",pkg/validate:fieldmaskpath,fieldmask.go
must be non-empty and have at least a length of value `{expected}`,pkg/validate:min_slice_length,min_length.go
must have at least a length of value `{expected}`,pkg/validate:min_string_length,min_length.go
must be non-nil,pkg/validate:nil,min_length.go
"must be slice or array, is `{type}`",pkg/validate:no_slice_or_array,in.go
`{value}` is not present in `{allowed_values}`,pkg/validate:not_present,in.go
got `{type}` instead of string,pkg/validate:not_string,validate.go
"must be string or slice, is `{type}`",pkg/validate:not_string_or_slice,min_length.go
`{value}` is not a subset of `{reference}`,pkg/validate:not_subset,in.go
password must be at least 8 characters long,pkg/validate:password_length,password.go
a value is required,pkg/validate:required,validate.go
Internal Server Error,pkg/web/middleware:http_recovered,recover.go
token exchange refused,pkg/web/oauthclient:exchange,callback.go
invalid state parameter,pkg/web/oauthclient:invalid_state,callback.go
no code parameter present in request,pkg/web/oauthclient:no_code,callback.go
no OAuth configuration found for the OAuth client,pkg/web/oauthclient:no_oauth_config,oauthclient.go
no state parameter present in request,pkg/web/oauthclient:no_state,callback.go
token refresh refused,pkg/web/oauthclient:refresh,token.go
refused by OAuth server,pkg/web/oauthclient:refused,callback.go
route `{route}` not found,pkg/webhandlers:route_not_found,error.go
Internal Server Error,pkg/webmiddleware:http_recovered,recover.go
request body too large,pkg/webmiddleware:request_body_too_large,max_body.go
No secure cookie value in this context,pkg/webmiddleware:secure_cookie_invalid_context,cookie.go
